{
  "image_path": "usable/side/IMG_20251113_093051700_HDR.jpg",
  "calibration_points": {
    "0cm": [
      914,
      2471
    ],
    "10cm": [
      914,
      2269
    ],
    "20cm": [
      911,
      2037
    ],
    "30cm": [
      904,
      1802
    ],
    "40cm": [
      897,
      1549
    ],
    "50cm": [
      897,
      1290
    ],
    "60cm": [
      884,
      1020
    ],
    "70cm": [
      877,
      768
    ]
  },
  "num_points": 8,
  "spacings_per_10cm": [
    202.0,
    232.01939574095957,
    235.10423220350586,
    253.09681941897256,
    259.0,
    270.31278179176064,
    252.0972034751675
  ],
  "average_spacing_10cm": 243.3757760900523,
  "std_deviation_10cm": 20.872474314112825,
  "variation_percent": 8.57623328395252,
  "pixels_per_cm": 24.33757760900523,
  "pixels_per_inch": 61.81744712687328,
  "image_width": 4080,
  "image_height": 3072
}